{
  "leaderboards": {
    "daily": [
      {
        "rank": 1,
        "username": "CyberNinja",
        "score": 45280,
        "level": 15,
        "wave": 8,
        "timestamp": "2024-01-15T23:59:59Z",
        "isPremium": true
      },
      {
        "rank": 2,
        "username": "TechMaster",
        "score": 38450,
        "level": 12,
        "wave": 7,
        "timestamp": "2024-01-15T22:45:00Z",
        "isPremium": true
      },
      {
        "rank": 3,
        "username": "PixelWarrior",
        "score": 31200,
        "level": 10,
        "wave": 6,
        "timestamp": "2024-01-15T21:30:00Z",
        "isPremium": false
      },
      {
        "rank": 4,
        "username": "NeonBlade",
        "score": 27890,
        "level": 8,
        "wave": 5,
        "timestamp": "2024-01-15T20:15:00Z",
        "isPremium": true
      },
      {
        "rank": 5,
        "username": "CodeBreaker",
        "score": 24150,
        "level": 7,
        "wave": 4,
        "timestamp": "2024-01-15T19:00:00Z",
        "isPremium": false
      }
    ],
    "weekly": [
      {
        "rank": 1,
        "username": "CyberNinja",
        "score": 312450,
        "level": 25,
        "wave": 18,
        "timestamp": "2024-01-15T23:59:59Z",
        "isPremium": true
      },
      {
        "rank": 2,
        "username": "TechMaster",
        "score": 285620,
        "level": 22,
        "wave": 16,
        "timestamp": "2024-01-15T23:45:00Z",
        "isPremium": true
      },
      {
        "rank": 3,
        "username": "PixelWarrior",
        "score": 245800,
        "level": 19,
        "wave": 14,
        "timestamp": "2024-01-15T23:30:00Z",
        "isPremium": false
      },
      {
        "rank": 4,
        "username": "NeonBlade",
        "score": 198450,
        "level": 17,
        "wave": 12,
        "timestamp": "2024-01-15T23:15:00Z",
        "isPremium": true
      },
      {
        "rank": 5,
        "username": "CodeBreaker",
        "score": 176200,
        "level": 15,
        "wave": 11,
        "timestamp": "2024-01-15T23:00:00Z",
        "isPremium": false
      }
    ],
    "allTime": [
      {
        "rank": 1,
        "username": "CyberNinja",
        "score": 2856780,
        "level": 85,
        "wave": 62,
        "timestamp": "2024-01-15T23:59:59Z",
        "isPremium": true
      },
      {
        "rank": 2,
        "username": "TechMaster",
        "score": 2456320,
        "level": 78,
        "wave": 56,
        "timestamp": "2024-01-15T23:45:00Z",
        "isPremium": true
      },
      {
        "rank": 3,
        "username": "PixelWarrior",
        "score": 1987450,
        "level": 72,
        "wave": 48,
        "timestamp": "2024-01-15T23:30:00Z",
        "isPremium": false
      },
      {
        "rank": 4,
        "username": "NeonBlade",
        "score": 1654320,
        "level": 68,
        "wave": 44,
        "timestamp": "2024-01-15T23:15:00Z",
        "isPremium": true
      },
      {
        "rank": 5,
        "username": "CodeBreaker",
        "score": 1432560,
        "level": 65,
        "wave": 41,
        "timestamp": "2024-01-15T23:00:00Z",
        "isPremium": false
      }
    ],
    "premium": [
      {
        "rank": 1,
        "username": "CyberNinja",
        "score": 45280,
        "level": 15,
        "wave": 8,
        "timestamp": "2024-01-15T23:59:59Z",
        "isPremium": true,
        "specialPowerUps": ["megaBlast", "ghostMode", "rapidFirePlus"]
      },
      {
        "rank": 2,
        "username": "TechMaster",
        "score": 38450,
        "level": 12,
        "wave": 7,
        "timestamp": "2024-01-15T22:45:00Z",
        "isPremium": true,
        "specialPowerUps": ["megaBlast", "shieldPlus"]
      },
      {
        "rank": 3,
        "username": "EliteGamer",
        "score": 35600,
        "level": 11,
        "wave": 6,
        "timestamp": "2024-01-15T21:30:00Z",
        "isPremium": true,
        "specialPowerUps": ["ghostMode", "rapidFirePlus"]
      }
    ]
  },
  "achievements": [
    {
      "id": "first_blood",
      "name": "First Blood",
      "description": "Destroy your first enemy",
      "icon": "🎯",
      "unlocked": true
    },
    {
      "id": "wave_survivor",
      "name": "Wave Survivor",
      "description": "Complete 5 waves",
      "icon": "🌊",
      "unlocked": true
    },
    {
      "id": "score_master",
      "name": "Score Master",
      "description": "Score over 10,000 points",
      "icon": "⭐",
      "unlocked": true
    },
    {
      "id": "premium_champion",
      "name": "Premium Champion",
      "description": "Reach top of premium leaderboard",
      "icon": "👑",
      "unlocked": false,
      "requiresPremium": true
    }
  ]
}