{
  "tasks": [
    {
      "id": 1,
      "title": "Update Website Design",
      "description": "Revamp the landing page with new branding and improved UX",
      "status": "todo",
      "priority": "high",
      "estimatedTime": "2 hours",
      "category": "design",
      "isPremium": false,
      "createdAt": "2024-01-15T10:00:00Z",
      "dueDate": "2024-01-20T18:00:00Z"
    },
    {
      "id": 2,
      "title": "AI Content Generation",
      "description": "Generate blog content using AI writing assistant",
      "status": "todo",
      "priority": "medium",
      "estimatedTime": "1 hour",
      "category": "content",
      "isPremium": true,
      "createdAt": "2024-01-15T11:00:00Z",
      "dueDate": "2024-01-18T18:00:00Z"
    },
    {
      "id": 3,
      "title": "Database Optimization",
      "description": "Optimize queries and add indexing for better performance",
      "status": "progress",
      "priority": "high",
      "estimatedTime": "4 hours",
      "category": "development",
      "isPremium": false,
      "createdAt": "2024-01-14T09:00:00Z",
      "dueDate": "2024-01-19T18:00:00Z"
    },
    {
      "id": 4,
      "title": "Email Template Design",
      "description": "Create responsive email templates for marketing",
      "status": "done",
      "priority": "medium",
      "estimatedTime": "3 hours",
      "category": "design",
      "isPremium": false,
      "createdAt": "2024-01-13T14:00:00Z",
      "completedAt": "2024-01-15T16:30:00Z"
    },
    {
      "id": 5,
      "title": "Security Audit",
      "description": "Complete security vulnerability assessment",
      "status": "done",
      "priority": "high",
      "estimatedTime": "6 hours",
      "category": "security",
      "isPremium": false,
      "createdAt": "2024-01-12T10:00:00Z",
      "completedAt": "2024-01-14T15:45:00Z"
    }
  ],
  "automationTasks": [
    {
      "id": 101,
      "name": "Email Assistant",
      "description": "Auto-sort and respond to emails based on keywords",
      "category": "communication",
      "isPremium": false,
      "frequency": "daily",
      "lastRun": "2024-01-15T08:00:00Z",
      "nextRun": "2024-01-16T08:00:00Z"
    },
    {
      "id": 102,
      "name": "Social Media Scheduler",
      "description": "Schedule posts across multiple platforms",
      "category": "marketing",
      "isPremium": false,
      "frequency": "weekly",
      "lastRun": "2024-01-14T10:00:00Z",
      "nextRun": "2024-01-21T10:00:00Z"
    },
    {
      "id": 103,
      "name": "Report Generator",
      "description": "Generate automated daily and weekly reports",
      "category": "analytics",
      "isPremium": true,
      "frequency": "daily",
      "lastRun": "2024-01-15T09:00:00Z",
      "nextRun": "2024-01-16T09:00:00Z"
    },
    {
      "id": 104,
      "name": "Data Analytics",
      "description": "Analyze business metrics and generate insights",
      "category": "analytics",
      "isPremium": true,
      "frequency": "daily",
      "lastRun": "2024-01-15T07:30:00Z",
      "nextRun": "2024-01-16T07:30:00Z"
    }
  ]
}