{
  "users": [
    {
      "id": 1,
      "username": "CyberNinja",
      "email": "user@example.com",
      "isPremium": true,
      "subscription": "yearly",
      "stats": {
        "toolsUsed": 45,
        "tasksCompleted": 128,
        "coursesCompleted": 12,
        "totalScore": 45280
      },
      "preferences": {
        "theme": "dark",
        "notifications": true,
        "autoSave": true
      }
    },
    {
      "id": 2,
      "username": "TechMaster",
      "email": "tech@example.com",
      "isPremium": true,
      "subscription": "monthly",
      "stats": {
        "toolsUsed": 32,
        "tasksCompleted": 89,
        "coursesCompleted": 8,
        "totalScore": 38450
      },
      "preferences": {
        "theme": "dark",
        "notifications": true,
        "autoSave": false
      }
    },
    {
      "id": 3,
      "username": "PixelWarrior",
      "email": "pixel@example.com",
      "isPremium": false,
      "subscription": null,
      "stats": {
        "toolsUsed": 15,
        "tasksCompleted": 34,
        "coursesCompleted": 3,
        "totalScore": 31200
      },
      "preferences": {
        "theme": "dark",
        "notifications": false,
        "autoSave": true
      }
    }
  ]
}